number,filename,priority,width,height,bytes,sha256
1,battle-gloomfen-docks.png,Must,1447,1087,2340796,61de91eae00087015c6f5c7c6e326099512479195b53e744bc9f66092d2e56c6
2,cut-crate-cracks.png,Must,1448,1086,2421063,a08407e2dacc2415275c7e31d56e7b73c52289906ef8919b46d4e6dea4c2491e
3,title-thareia.png,Nice,1536,1024,2505108,b42267e5ea0186678ef97c4f7f4cb2e9aa712d244675341afaf39b1a2e52bfa0
4,battle-bogmire-town.png,Nice,1447,1087,2553882,664fb5423a1ee7e376828059bf0c322bcddd4ca0d7fe66985a563ec8262c5438
5,walk-thornhollow-landing.png,Must,1536,1024,3771181,15ac7cf06bbf9a345cac55e5239ab971bfd6d2b48d64805799731f5d6a11b62c
6,walk-fawnrest-node.png,Must,1536,1024,3230317,11223de18c95fadcd5dff14f4ab4391efd23535c0b972a66340aaefe4110a0a4
7,walk-drowned-fjords-cove.png,Nice,1536,1024,3076952,4b9008c604fe8fc5f51d26f20bdd0ba647a943ce67ee87580cf119391e35344b
8,battle-verdant-road.png,Must,1448,1086,2833779,9de790d78289033722dd0076c231806f6964792907d15933056594ded4a5945b
9,battle-eldergrove.png,Must,1448,1086,3051490,b3a51e3b225845b5941261089a0c038f6a27c8674b7006bb7645f2a96e408e77
10,battle-fawnrest-node.png,Must,1448,1086,2618353,90066abe5d05828523a7ff250d126b97522a8579cef4da574256dd69461d27dc
11,battle-mosswatch-coast.png,Nice,1447,1087,2487494,94672fc037cb34ef4dee73970e1ee02fd510f178b3b0ce570fb47eab705792f0
12,cut-shard-glows.png,Must,1447,1087,2398969,9d59d90e8cca836f75ec0602d050b0d7b1772b1cccbc191db1640ba40e35c63f
13,cut-node-overheats.png,Must,1448,1086,2968988,538fba7f6983a5b2f64d06fd93528e7d2788eda4f35fdd6de8691a6854138cd6
14,cut-guardian-wakes.png,Must,1447,1087,2831992,209fedb1831209a3485ad6f98222b716b77fa9874ff7476f6510a8c090aae97e
15,cut-node-cools.png,Nice,1448,1086,3260930,36b442290d1f423c65e7871dc88d5eeaaf992ac0867e75487cc30d83f0dd4fc0
16,airship-rental-skiff.png,Nice,1536,1024,2163925,dc5c477662e8f786c4308e3f49abd3371a271d4ab57ca344c31f201a5b9fe7f1
